Tweet Id,Tweet URL,Tweet Posted Time,Tweet Content,Tweet Type,Client,Retweets Received,Likes Received,Tweet Location,Tweet Language,User  Id,Name,Username,User Bio,Verified or Non-Verified,Profile URL,User Followers,User Following,User Account Creation Date
"""1650356243243094016""",https://twitter.com/HindiKhabar/status/1650356243243094016,24-04-2023 04:29,"""à¤ªà¥‡à¤Ÿà¥à¤°à¥‹à¤² à¤ªà¤‚à¤ª à¤ªà¤° à¤¬à¤¸ à¤®à¥‡à¤‚ à¤²à¤—à¥€ à¤†à¤—, à¤¡à¥à¤°à¤¾à¤‡à¤µà¤° à¤”à¤° à¤•à¤‚à¤¡à¤•à¥à¤Ÿà¤° à¤•à¥€ à¤¸à¥‚à¤à¤¬à¥‚à¤ à¤¸à¥‡ à¤Ÿà¤²à¤¾ à¤–à¥Œà¤«à¤¨à¤¾à¤• à¤¹à¤¾à¤¦à¤¸à¤¾ #Indore #firenews

https://t.co/fwzEyB9O0B""",Tweet,"""Twitter Web App""",0,0,"Noida, India",Hindi,"""101540585""",à¤¹à¤¿à¤¨à¥à¤¦à¥€ à¥™à¤¬à¤° | Hindi Khabar ğŸ‡®ğŸ‡³,HindiKhabar,"""Indian News Channel | Tata Play 557 | Airtel 352 | Big TV 423 | NXT Digital 824 | Net Vision 243 | Reliance Jio TV | All Social Media | à¤¹à¤¿à¤¨à¥à¤¦à¥€ à¤¹à¥ˆà¤‚ à¤¹à¤® |""",Non-Verified,https://twitter.com/HindiKhabar,22845,569,03-01-2010 18:28
"""1650355649102921729""",https://twitter.com/abpnadu/status/1650355649102921729,24-04-2023 04:27,"""à®šà¯†à®™à¯à®•à¯à®©à¯à®±à®®à¯ à®…à®°à¯à®•à¯‡ à®ªà®°à®ªà®°à®ªà¯à®ªà¯â€¦ à®ªà®¿à®³à®¾à®¸à¯à®Ÿà®¿à®•à¯ à®•à¯à®Ÿà¯‹à®©à®¿à®²à¯ à®ªà®¯à®™à¯à®•à®° à®¤à¯€ à®µà®¿à®ªà®¤à¯à®¤à¯; à®•à®°à¯à®®à¯à®ªà¯à®•à¯ˆ à®šà¯‚à®´à¯à®¨à¯à®¤à®¤à®¾à®²à¯ à®‡à®¯à®²à¯à®ªà¯à®¨à®¿à®²à¯ˆ à®ªà®¾à®¤à®¿à®ªà¯à®ªà¯!
https://t.co/2amtMagxAZ

#Chennai #Fire #Accident""",Tweet,"""Twitter Web App""",0,1,"Chennai, Tamilnadu",Tamil,"""1379681009893961728""",ABP Nadu,abpnadu,"""à®¨à®®à®¤à¯ à®®à¯Šà®´à®¿à®¯à®¿à®²à¯.. à®¨à®®à®¤à¯ à®šà¯†à®¯à¯à®¤à®¿à®•à®³à¯.. Latest News For Latest Tamizhar""",Non-Verified,https://twitter.com/abpnadu,26090,17,07-04-2021 06:22
"""1650353476353036288""",https://twitter.com/SaacksAllen/status/1650353476353036288,24-04-2023 04:18,"""WOW, what happened 
Clackamas Fire crews responded to a motor vehicle accident on Bradley rd. in Oregon city. The Tesla left the road at a high rate of speed ejecting the driver who was transported via @LifeFlightNtwrk for critical injuries to the head, chest, abdomen and femur. https://t.co/p9eVaYeXxE""",Tweet,"""Twitter for iPad""",0,0,"Wilsonville, OR",English,"""1586430784663355393""",Cynthia Saacks Allen,SaacksAllen,"""Family, Traveling, Cooking, Exploring of the unknown, Love of life itself, Volunteering my services for the retired military personnel, and for the elderly âšœï¸âšœï¸""",Non-Verified,https://twitter.com/SaacksAllen,6,175,29-10-2022 18:52
"""1650352761089961984""",https://twitter.com/HindiKhabar/status/1650352761089961984,24-04-2023 04:15,"""à¤ªà¥ˆà¤Ÿà¥à¤°à¥‹à¤² à¤ªà¤‚à¤ª à¤ªà¤° à¤¬à¤¸ à¤®à¥‡à¤‚ à¤²à¤—à¥€ à¤†à¤—, à¤¡à¥à¤°à¤¾à¤‡à¤µà¤° à¤”à¤° à¤•à¤‚à¤¡à¤•à¥à¤Ÿà¤° à¤•à¥€ à¤¸à¥‚à¤à¤¬à¥‚à¤ à¤¸à¥‡ à¤Ÿà¤²à¤¾ à¤–à¥Œà¤«à¤¨à¤¾à¤• à¤¹à¤¾à¤¦à¤¸à¤¾ #Indore #firenews

https://t.co/fwzEyB9O0B""",Tweet,"""Twitter Web App""",0,0,"Noida, India",Hindi,"""101540585""",à¤¹à¤¿à¤¨à¥à¤¦à¥€ à¥™à¤¬à¤° | Hindi Khabar ğŸ‡®ğŸ‡³,HindiKhabar,"""Indian News Channel | Tata Play 557 | Airtel 352 | Big TV 423 | NXT Digital 824 | Net Vision 243 | Reliance Jio TV | All Social Media | à¤¹à¤¿à¤¨à¥à¤¦à¥€ à¤¹à¥ˆà¤‚ à¤¹à¤® |""",Non-Verified,https://twitter.com/HindiKhabar,22845,569,03-01-2010 18:28
"""1650352442762985472""",https://twitter.com/EveryoneSaysHi1/status/1650352442762985472,24-04-2023 04:14,"""RT @clackamasfire: Clackamas Fire crews responded to a motor vehicle accident on Bradley rd. in Oregon city. The Tesla left the road at a hâ€¦""",ReTweet,"""Twitter for iPhone""",10,31,,English,"""1068563533003137025""",Everyone Says â€œHiâ€ and 111 others ğŸ‡ºğŸ‡¦,EveryoneSaysHi1,"""Interested in sociopathic business models, leadership by intimidation and the protection of whistle blowers. https://t.co/546QjUHkVX""",Non-Verified,https://twitter.com/EveryoneSaysHi1,1102,4999,30-11-2018 17:52
"""1650351744788955136""",https://twitter.com/mingofreak/status/1650351744788955136,24-04-2023 04:11,"""RT @moon_river_poet: @CharlestonPD The accident happened right in front of us. I did call 911 and we waited until the fire and ems arrived.â€¦""",ReTweet,"""Twitter for iPad""",1,1,"Mt. Pleasant,SC",English,"""28112310""",M. Elaine Proctor,mingofreak,"""I'm a RETIRED psychiatric RN and I LOVE riding my Harley in my spare time!!!!!!""",Non-Verified,https://twitter.com/mingofreak,625,1312,01-04-2009 14:11
"""1650350200366714881""",https://twitter.com/WSmilingbren/status/1650350200366714881,24-04-2023 04:05,"""RT @clackamasfire: Clackamas Fire crews responded to a motor vehicle accident on Bradley rd. in Oregon city. The Tesla left the road at a hâ€¦""",ReTweet,"""Twitter for Android""",10,31,Oregon,English,"""339123076""",BrendaW,WSmilingbren,"""a bestie to many, wifey, mom, grandma, a lover of life.. Live, Love & Laugh""",Non-Verified,https://twitter.com/WSmilingbren,52,172,20-07-2011 16:38
"""1650349714284630016""",https://twitter.com/gradyslady/status/1650349714284630016,24-04-2023 04:03,"""RT @clackamasfire: Clackamas Fire crews responded to a motor vehicle accident on Bradley rd. in Oregon city. The Tesla left the road at a hâ€¦""",ReTweet,"""Twitter Web App""",10,31,OR (The blue part),English,"""18250847""",gradyslady,gradyslady,"""Vote blue as if your life depends on it.
It just might.""",Non-Verified,https://twitter.com/gradyslady,2479,3575,19-12-2008 20:35
"""1650347456897642496""",https://twitter.com/fsd_gov_mm/status/1650347456897642496,24-04-2023 03:54,"""On 21 April 2023, at about 21 00, a traffic accident occurred at Lashio-Theinni Road, Lashio Township, Shan State. SAR members from Lashio Township Fire Station responded to the accident. Due to the accident a woman was dead, a man was injured and transferred to the hospital. https://t.co/m732rQWlhP""",Tweet,"""Twitter for Android""",0,0,Myanmar,English,"""963995172500484096""",Myanmar Fire Services Department,fsd_gov_mm,"""https://t.co/79nzd2hFjx https://t.co/p73dFN9dbN""",Non-Verified,https://twitter.com/fsd_gov_mm,753,148,15-02-2018 04:35
"""1650346912518664192""",https://twitter.com/lav2725/status/1650346912518664192,24-04-2023 03:52,"""@rahanxlove Ghost knew &amp; has FBs she was surrounded in closed room in high flames of fire when she left earth &amp; body yrs back. Police &amp; family declared T died due to heavy burns, body was damaged ğŸ˜•whether suicide, murder or accident its FIRE that burnt her NOT someone stabbing with bloodğŸ˜”""",Reply,"""Twitter Web App""",0,0,,English,"""810155965689511936""",LA,lav2725,"""Discussion is a Cordial Exchange of Thoughts & Knowledge, promote it.
Blind Argument mostly is an Exchange of Ego, Pre-conditioning & Ignorance. Try avoid it.""",Non-Verified,https://twitter.com/lav2725,47,2,17-12-2016 16:13
"""1650345384328458242""",https://twitter.com/coolhem910/status/1650345384328458242,24-04-2023 03:46,"""He insured his car against accident, theft, and fire
ã€Q+427950700ã€‘
æ— å®šé‡‘,è§é¢æ»¡æ„ä»˜.
2023-04-24 11:46 ä¸Šåˆ""",Tweet,"""Twitter Web App""",0,0,,Chinese,"""2302889430""",é’å²› ä¸Š é—¨ åˆè‚¥ ä¸Š é—¨ ä¸œè ä¸Š é—¨ éƒ‘å· ä¸Š é—¨ å¦é—¨ ä¸Š é—¨ è¥¿å®‰ ä¸Š é—¨,coolhem910,"""â¤ï¸ä¸Šé—¨+QQã€427950700ã€‘âœˆhttps://t.co/5sSF9zWvqwæ— é—¨æ§›ï¼Œæ— å®šé‡‘ï¼Œè§é¢æ»¡æ„ä»˜ï¼""",Non-Verified,https://twitter.com/coolhem910,16,0,21-01-2014 10:47
"""1650345222738694144""",https://twitter.com/passthebeano/status/1650345222738694144,24-04-2023 03:45,"""RT @clackamasfire: Clackamas Fire crews responded to a motor vehicle accident on Bradley rd. in Oregon city. The Tesla left the road at a hâ€¦""",ReTweet,"""TweetDeck""",10,31,,English,"""2693713662""",passthebeano,passthebeano,"""Yes, I did have a burrito for lunch. Why do you ask?""",Non-Verified,https://twitter.com/passthebeano,3253,1706,30-07-2014 19:25
"""1650343562926768130""",https://twitter.com/RW911/status/1650343562926768130,24-04-2023 03:39,"""*ACCIDENT:  Injuries* - Wake-New Hope Fire Department - Buffaloe Rd / I 540 Eb""",Tweet,"""RW911 Events""",0,0,"Raleigh, NC",English,"""20647123""",Raleigh - Wake 911,RW911,"""""",Non-Verified,https://twitter.com/RW911,8124,0,12-02-2009 01:55
"""1650343189251858433""",https://twitter.com/fox20104731/status/1650343189251858433,24-04-2023 03:37,"""Nor Accident why a woman describes a man on fire my
ØŸ?
Ù†Ù…Ø´Û’

ğŸ”¹W77ğŸ”¹
ğŸ”¹W77ğŸ”¹
ğŸ”¹W77ğŸ”¹""",Tweet,"""Twitter for Android""",0,0,,English,"""2857671209""",itself â—¥â€¢ï»œÙ•ÙˆÙØ¨ÙˆÙ†â€¢ â€ïº§Ù•Ù“ØµÙÙ…Ùâ€¢ï»œÙ•ÙˆÙØ¯Ù“,fox20104731,"""""",Non-Verified,https://twitter.com/fox20104731,36,62,02-11-2014 21:25
"""1650339874531344384""",https://twitter.com/BobbyCorser/status/1650339874531344384,24-04-2023 03:24,"""RT @clackamasfire: Clackamas Fire crews responded to a motor vehicle accident on Bradley rd. in Oregon city. The Tesla left the road at a hâ€¦""",ReTweet,"""Twitter for iPhone""",10,31,"Portland, Oregon",English,"""26173619""",Bobby Corser,BobbyCorser,"""Digital Content Producer @katunews : Host @portland_gp : Vice President @OregonAMS : Co-Host @weatherpodcast : Pres @DuckCastğŸ¦† Met Student @msstateonlineâ˜€ï¸""",Non-Verified,https://twitter.com/BobbyCorser,2331,5001,24-03-2009 04:00
"""1650338949616013314""",https://twitter.com/KaranShuklaa/status/1650338949616013314,24-04-2023 03:20,"""RT @WIONews: An American Airlines Boeing 737 was forced to make an emergency landing after its engine caught fire, having hit a flock of geâ€¦""",ReTweet,"""Twitter for Android""",1,6,à¤­à¤¾à¤°à¤¤,English,"""3012655352""",à¤•à¥Œà¤Ÿà¤¿à¤²à¥à¤¯ à¤—à¤°à¥à¤—,KaranShuklaa,"""hindu nationalist  ........à¤•à¥ƒà¤ªà¤¯à¤¾ à¤œà¥à¤à¤¾à¤¨ à¤¨ à¤¦à¥‡ à¤¯à¤¹à¤¾à¤‚ à¤¸à¤¬ à¤ªà¤¹à¤²à¥‡ à¤¸à¥‡ à¤œà¥à¤à¤¾à¤¨à¥€ à¤¹à¥ˆ  ...ğŸ™ à¤¹à¤¿à¤¨à¥à¤¦à¥‚ -à¤¬à¥à¤°à¤¾à¤¹à¥à¤®à¤£/ à¤¸à¤¨à¤¾à¤¤à¤¨à¤¿ by birthğŸ™""",Non-Verified,https://twitter.com/KaranShuklaa,1924,2547,07-02-2015 18:46
"""1650338774184783873""",https://twitter.com/WIONews/status/1650338774184783873,24-04-2023 03:20,"""An American Airlines Boeing 737 was forced to make an emergency landing after its engine caught fire, having hit a flock of geese.

The accident transpired 25 minutes after the plane took off in Ohio on Sunday early morning

https://t.co/ITmzN1qs3U""",Tweet,"""TweetDeck""",1,6,India,English,"""711760467383877632""",WION,WIONews,"""WION: World Is One | Welcome to Indiaâ€™s first global news network. We present global stories with an Indian perspective. 
Download App - https://t.co/2i3wWb5uaN""",Non-Verified,https://twitter.com/WIONews,477359,102,21-03-2016 03:44
"""1650338517447483393""",https://twitter.com/uttamsarker2021/status/1650338517447483393,24-04-2023 03:18,"""RT @dailystarnews: à¦—à¦¤à¦•à¦¾à¦² à¦°à§‹à¦¬à¦¬à¦¾à¦° à¦°à¦¾à¦¤à§‡ à¦¨à¦¿à¦œ à¦˜à¦°à§‡ à¦«à§à¦¯à¦¾à¦¨à§‡ à¦¬à¦¿à¦¦à§à¦¯à§à¦¤à§‡à¦° à¦¸à¦‚à¦¯à§‹à¦— à¦¦à¦¿à¦¤à§‡ à¦—à¦¿à¦¯à¦¼à§‡ à¦¬à¦¿à¦¦à§à¦¯à§à§à¦¸à§à¦ªà§ƒà¦·à§à¦Ÿ à¦¹à¦¨ à¦—à§‹à¦²à¦¾à¦ª à¦šà¦¨à§à¦¦à§à¦° à¦¬à¦¿à¦¶à§à¦¬à¦¾à¦¸ (à§ªà§«)à¥¤ à¦¤à¦¿à¦¨à¦¿ à¦®à§‡à¦¹à§‡à¦¨à§à¦¦à¦¿à¦—â€¦""",ReTweet,"""Twitter for Android""",1,5,"KHULNA, Bangladesh",Undefined,"""742636926910353409""",Uttam Sarker,uttamsarker2021,"""https://t.co/EpvQcrPAAW
https://t.co/BanTHuDg9w
greenmango1424@gmail.com
sarker_uttam@yahoo.com
uttamsarker2021@gmail.com""",Non-Verified,https://twitter.com/uttamsarker2021,252,2036,14-06-2016 08:36
"""1650338382663536647""",https://twitter.com/3Greyson/status/1650338382663536647,24-04-2023 03:18,"""RT @andtartary2: How is it possible for a means of mass transportation to disappear overnight?

That millionaire companies cease to exist fâ€¦""",ReTweet,"""Twitter for iPhone""",90,331,,English,"""1630062554658783232""",Greyson,3Greyson,"""I talk about things. 82 3lp ğŸŠ""",Non-Verified,https://twitter.com/3Greyson,28,41,27-02-2023 04:29
"""1650337877824512000""",https://twitter.com/JenJoPDX/status/1650337877824512000,24-04-2023 03:16,"""RT @clackamasfire: Clackamas Fire crews responded to a motor vehicle accident on Bradley rd. in Oregon city. The Tesla left the road at a hâ€¦""",ReTweet,"""Twitter for Android""",10,31,"Portland, OR",English,"""1853299800""",Jennifer Hawthorne,JenJoPDX,"""I'm just a girl standing before an interdimensional portal asking it to take me to another reality.""",Non-Verified,https://twitter.com/JenJoPDX,1215,2178,11-09-2013 04:48
"""1650337679450718208""",https://twitter.com/iaff1159/status/1650337679450718208,24-04-2023 03:15,"""RT @clackamasfire: Clackamas Fire crews responded to a motor vehicle accident on Bradley rd. in Oregon city. The Tesla left the road at a hâ€¦""",ReTweet,"""Twitter for iPhone""",10,31,"Clackamas, OR",English,"""1227930326""",IAFF Local 1159,iaff1159,"""Local 1159 represents 300+ Professional Firefighters from Clackamas Fire, Lake Oswego, Canby, Estacada, Silverton, Gladstone and Molalla Fire Districts.""",Non-Verified,https://twitter.com/iaff1159,727,542,28-02-2013 16:45
"""1650337048879050753""",https://twitter.com/dailystarnews/status/1650337048879050753,24-04-2023 03:13,"""à¦—à¦¤à¦•à¦¾à¦² à¦°à§‹à¦¬à¦¬à¦¾à¦° à¦°à¦¾à¦¤à§‡ à¦¨à¦¿à¦œ à¦˜à¦°à§‡ à¦«à§à¦¯à¦¾à¦¨à§‡ à¦¬à¦¿à¦¦à§à¦¯à§à¦¤à§‡à¦° à¦¸à¦‚à¦¯à§‹à¦— à¦¦à¦¿à¦¤à§‡ à¦—à¦¿à¦¯à¦¼à§‡ à¦¬à¦¿à¦¦à§à¦¯à§à§à¦¸à§à¦ªà§ƒà¦·à§à¦Ÿ à¦¹à¦¨ à¦—à§‹à¦²à¦¾à¦ª à¦šà¦¨à§à¦¦à§à¦° à¦¬à¦¿à¦¶à§à¦¬à¦¾à¦¸ (à§ªà§«)à¥¤ à¦¤à¦¿à¦¨à¦¿ à¦®à§‡à¦¹à§‡à¦¨à§à¦¦à¦¿à¦—à¦à§à¦œ à¦¸à¦¦à¦° à¦‡à¦‰à¦¨à¦¿à¦¯à¦¼à¦¨à§‡à¦° à¦¸à¦¾à¦¦à§‡à¦•à¦ªà§à¦° à¦—à§à¦°à¦¾à¦®à§‡à¦° à¦œà§à¦à¦¾à¦¨à§‡à¦¨à§à¦¦ à¦¬à¦¿à¦¶à§à¦¬à¦¾à¦¸à§‡à¦° à¦›à§‡à¦²à§‡à¥¤
#Bangladesh #Barishal #Accident 
https://t.co/SXpY7SUDAs""",Tweet,"""Twitter Web App""",1,5,Bangladesh,Undefined,"""77696645""",The Daily Star,dailystarnews,"""Bangladesh's largest English Daily. The latest & breaking news, features, analysis and more from @dailystarnews.""",Non-Verified,https://twitter.com/dailystarnews,1519013,64,27-09-2009 08:54
"""1650336061577625600""",https://twitter.com/HPhoner/status/1650336061577625600,24-04-2023 03:09,"""RT @clackamasfire: Clackamas Fire crews responded to a motor vehicle accident on Bradley rd. in Oregon city. The Tesla left the road at a hâ€¦""",ReTweet,"""Twitter for Android""",10,31,Here,English,"""1481764443524517889""",Homer Phoner,HPhoner,"""Independent thinker. Former many things. Accused of being a lawyer. I'm not, but I play one when I watch TV. USAF vet. SHRM trained. Part-time editor.""",Non-Verified,https://twitter.com/HPhoner,60,192,13-01-2022 23:06
"""1650334845049143297""",https://twitter.com/danceswithpugs1/status/1650334845049143297,24-04-2023 03:04,"""RT @clackamasfire: Clackamas Fire crews responded to a motor vehicle accident on Bradley rd. in Oregon city. The Tesla left the road at a hâ€¦""",ReTweet,"""Twitter for iPhone""",10,31,Oregon ,English,"""192973925""",â‚œwáµ¢â‚›â‚œâ‚‘d â‚›â‚šáµ¢â‚™â‚›â‚œâ‚‘áµ£,danceswithpugs1,"""yo, Iâ€™m Amber! ğŸ³ï¸â€ğŸŒˆthey/them. Eccentric feline enthusiast, nerdy about horror.""",Non-Verified,https://twitter.com/danceswithpugs1,412,1094,20-09-2010 17:15
"""1650334495017701378""",https://twitter.com/WashCoScanner/status/1650334495017701378,24-04-2023 03:03,"""RT @clackamasfire: Clackamas Fire crews responded to a motor vehicle accident on Bradley rd. in Oregon city. The Tesla left the road at a hâ€¦""",ReTweet,"""Twitter for Android""",10,31,Washington County Oregon,English,"""118190794""",Wash Co Scanner,WashCoScanner,"""Mix of the serious & sometimes crazy stuff heard on the Washington County, OR scanner ~NOT CONFIRMED INFO ~  Retweets â‰  endorsements""",Non-Verified,https://twitter.com/WashCoScanner,46683,4953,27-02-2010 22:02
"""1650333717305470977""",https://twitter.com/clackamasfire/status/1650333717305470977,24-04-2023 02:59,"""Clackamas Fire crews responded to a motor vehicle accident on Bradley rd. in Oregon city. The Tesla left the road at a high rate of speed ejecting the driver who was transported via @LifeFlightNtwrk for critical injuries to the head, chest, abdomen and femur. #hereforyou https://t.co/PhPPbeeBt6""",Tweet,"""Hootsuite Inc.""",10,31,"Clackamas, Oregon",English,"""44684439""",Clackamas Fire,clackamasfire,"""Clackamas Fire District #1 has 21 fire stations strategically located throughout Clackamas County and is the second largest fire protection district in Oregon.""",Non-Verified,https://twitter.com/clackamasfire,27969,471,04-06-2009 18:38
"""1650333398475624449""",https://twitter.com/roberaguilista1/status/1650333398475624449,24-04-2023 02:58,"""He insured his car against accident, theft, and fire
ã€Q+427950700ã€‘
æ— å®šé‡‘,è§é¢æ»¡æ„ä»˜.
2023-04-24 10:58 ä¸Šåˆ""",Tweet,"""Twitter Web App""",0,0,,Chinese,"""2178791906""",å—å® ä¸Š é—¨ å¤ªåŸ ä¸Š é—¨ é‡‘å ä¸Š é—¨ å¾å· ä¸Š é—¨ å°å· ä¸Š é—¨ é˜œé˜³ ä¸Š é—¨,roberaguilista1,"""â¤ï¸ä¸Šé—¨+QQã€427950700ã€‘âœˆhttps://t.co/74RnlqMZQSæ— é—¨æ§›ï¼Œæ— å®šé‡‘ï¼Œè§é¢æ»¡æ„ä»˜ï¼""",Non-Verified,https://twitter.com/roberaguilista1,16,22,06-11-2013 20:58
"""1650332364101279744""",https://twitter.com/ChipsNBeanDip/status/1650332364101279744,24-04-2023 02:54,"""@NEIRKH alright! (my vtuber model is my oc so ğŸ’€)
this is totally_not_hugh

heâ€™s a computer program from hell created after a freak accident which fused its owner, some fire, an orange highlighter, and a shark plush and was sucked into a computer

his body runs at a warm 1100Â° Câ€¦ https://t.co/AzfI4qn0xX https://t.co/5GFNfYfcrI""",Reply,"""Twitter for iPhone""",0,0,"New York, USA",English,"""1547623747426742272""",totallynothugh | ENVtuber,ChipsNBeanDip,"""Mostly just He/Him | Aro/Ace | ADHD | Very depressed | Fanart Tag #tnhughART | Throne: https://t.co/PgkG0adcYl | pfp @caeperarts | I rt art a lot |""",Non-Verified,https://twitter.com/ChipsNBeanDip,288,669,14-07-2022 16:47
"""1650330850251141121""",https://twitter.com/last_memoryy/status/1650330850251141121,24-04-2023 02:48,"""@GSaurx I wondered about this myself, I didnâ€™t understand why he would say it was an accident if the fire wasnâ€™t caused by a candle he lit. Unless she manipulated him into believing he was responsible for it. Also, why did she record it? Has that been discussed at all?""",Reply,"""Twitter for iPhone""",0,0,"Louisville, KY",English,"""1556909186948243457""",Mystic Stylez,last_memoryy,"""Mother of 3 â€¢ Hunter 4/29/08 â€¢ Madelyn 1/25/18 â€¢ Aubree 8/26/20 â€¢ True crime, trap rap, Bravo tv, Kentucky basketball""",Non-Verified,https://twitter.com/last_memoryy,49,305,09-08-2022 07:44
"""1650330728859574273""",https://twitter.com/moon_river_poet/status/1650330728859574273,24-04-2023 02:48,"""@CharlestonPD The accident happened right in front of us. I did call 911 and we waited until the fire and ems arrived. Please let me know if we can help in any way. I provided contact info to the dispatcher.""",Reply,"""Twitter for iPhone""",1,1,Summerville,English,"""23807264""",Ashley-Ann Woods,moon_river_poet,"""I am a literature dork, musical singing, Who Dat saying, Coastie loving, Clemson cheering, football officiating paradox. I live by my own rules, fit in no box!""",Non-Verified,https://twitter.com/moon_river_poet,81,167,11-03-2009 18:52
"""1650329058012729345""",https://twitter.com/Azarine_third/status/1650329058012729345,24-04-2023 02:41,"""He insured his car against accident, theft, and fire
ã€Q+427950700ã€‘
æ— å®šé‡‘,è§é¢æ»¡æ„ä»˜.
2023-04-24 10:41 ä¸Šåˆ""",Tweet,"""Twitter Web App""",0,0,,Chinese,"""1487676602""",æˆéƒ½ ä¸Š é—¨ å—äº¬ ä¸Š é—¨ è‹å· ä¸Š é—¨ é‡åº† ä¸Š é—¨ æ­¦æ±‰ ä¸Š é—¨ å®æ³¢ ä¸Š é—¨,Azarine_third,"""â¤ï¸ä¸Šé—¨+QQã€427950700ã€‘âœˆhttps://t.co/RVBpnzqW0Ræ— é—¨æ§›ï¼Œæ— å®šé‡‘ï¼Œè§é¢æ»¡æ„ä»˜ï¼""",Non-Verified,https://twitter.com/Azarine_third,48,15,06-06-2013 12:45
"""1650328772199997444""",https://twitter.com/SomersetLog/status/1650328772199997444,24-04-2023 02:40,"""[23-30967/2151] Reason: MOTOR #VEHICLE #ACCIDENT 10-55 | Location: [COR] SHADAGEE RD | #Fire Unit: Madison Fire Units""",Tweet,"""DispatchLogBot""",0,0,"Somerset County, Maine",English,"""1573757247934681089""",Somerset County Dispatch Log,SomersetLog,"""I tweet out new entries in the Somerset County Dispatch Log""",Non-Verified,https://twitter.com/SomersetLog,52,1,24-09-2022 19:33
"""1650327387991687168""",https://twitter.com/Antenor_EU4UK/status/1650327387991687168,24-04-2023 02:34,"""@Angry_Postman Look up the 1953 floods of Norfolk and La Palma tsunami.

And we do get earthquakes all the time in the UK (which is actually why they're not much of a risk).

What about a chemical fire or other industrial accident?""",Reply,"""Twitter for Android""",0,0,"England, European Union",English,"""1158037308614033408""",Anthony ğŸ’™ğŸ‡ºğŸ‡³ğŸ‡ªğŸ‡ºğŸ‡¬ğŸ‡§ğŸ´ó §ó ¢ó ¥ó ®ó §ó ¿,Antenor_EU4UK,"""Dad, Husband, Singer, Skater, Software Dev, Humanist, Centre Left. #FBPE

Musk broke Twitter: @Antenor_EU4UK@mastodon.world

#RejoinEU #WrittenConstitution""",Non-Verified,https://twitter.com/Antenor_EU4UK,5574,5693,04-08-2019 15:29
"""1650326604944404481""",https://twitter.com/GersagerH/status/1650326604944404481,24-04-2023 02:31,"""@_diana_world_ @EvaluateAl @wallacemick Ah so the people that shot into a crowd, barricaded themselves in a building throwing Molotov cocktails out the windows setting the building on fire by accident.
And the thing that didn't happen...""",Reply,"""Twitter for Android""",0,0,,English,"""2667234825""",Mikkel Henriksen,GersagerH,"""""",Non-Verified,https://twitter.com/GersagerH,75,1459,03-07-2014 09:17
"""1650325192814542850""",https://twitter.com/tofireN/status/1650325192814542850,24-04-2023 02:26,"""Vehicle Accident With Fire
Lawrence Avenue West @ Corona Street
Dispatched: 23/04/23 @ 22:15 EDT
[Stn: 132] Rescue-133 Pumper-132""",Tweet,"""ijg""",0,0,,English,"""18409843""",Toronto Fire North,tofireN,"""@tofiren - Toronto Fire North Command Active Incidents - In Emergency call #911.  Brought to you by @ijg""",Non-Verified,https://twitter.com/tofireN,4532,7,27-12-2008 16:07
"""1650325192093188096""",https://twitter.com/tofire/status/1650325192093188096,24-04-2023 02:26,"""Vehicle Accident With Fire
Lawrence Avenue West @ Corona Street
Dispatched: 23/04/23 @ 22:15 EDT
[Stn: 132] Rescue-133 Pumper-132""",Tweet,"""ijg""",0,0,,English,"""16270679""",Toronto Fire,tofire,"""@tofire - Toronto Fire Active Incidents - In Emergency call #911.  Brought to you by @ijg""",Non-Verified,https://twitter.com/tofire,14051,9,13-09-2008 11:34
"""1650322758474280960""",https://twitter.com/EmirGm7/status/1650322758474280960,24-04-2023 02:16,"""He insured his car against accident, theft, and fire
ã€Q+427950700ã€‘
æ— å®šé‡‘,è§é¢æ»¡æ„ä»˜.
2023-04-24 10:16 ä¸Šåˆ""",Tweet,"""Twitter Web App""",0,0,TekirdaÄŸ,Chinese,"""1442013865""",åˆè‚¥ ä¸Š é—¨ ä¸Šæµ· ä¸Š é—¨ åŒ—äº¬ ä¸Š é—¨ æ·±åœ³ ä¸Š é—¨ å¹¿å· ä¸Š é—¨ æ­å· ä¸Š é—¨,EmirGm7,"""â¤ï¸ä¸Šé—¨+QQã€427950700ã€‘âœˆhttps://t.co/LW083jmLiNæ— é—¨æ§›ï¼Œæ— å®šé‡‘ï¼Œè§é¢æ»¡æ„ä»˜ï¼""",Non-Verified,https://twitter.com/EmirGm7,16,74,19-05-2013 19:12
"""1650321335065690120""",https://twitter.com/rosphlps/status/1650321335065690120,24-04-2023 02:10,"""Has there been a change in the makeup of a fluid that goes into vehicles that are causing vehicles to catch fire? An investigation needs to be done. Where I live we are having vehicles in fire on side of roads regularly. These are non accident fires, just suddenly catching fire.""",Tweet,"""Twitter for Android""",0,0,"Bowling Green, KY",English,"""226635545""",Roseanna phelps,rosphlps,"""ğŸŒ ğŸ‡ºğŸ‡¦ ğŸ‡ºğŸ‡¦ğŸ‡ºğŸ‡¸ğŸŒŠğŸŒŠ DEMOCRAT, MARRIED, TREAT OTHER'S THE WAY YOU WISH TO BE TREATED. 
 #VOTEBLUE #VOTEBLUE2022
EBAY SELLER""",Non-Verified,https://twitter.com/rosphlps,19378,21334,14-12-2010 17:39
"""1650321222880698370""",https://twitter.com/SomersetLog/status/1650321222880698370,24-04-2023 02:10,"""[23-30967/2151] Reason: MOTOR #VEHICLE #ACCIDENT 10-55 | Location: [COR] SHADAGEE RD | #Fire Unit: Cornville Fire Units""",Tweet,"""DispatchLogBot""",0,0,"Somerset County, Maine",English,"""1573757247934681089""",Somerset County Dispatch Log,SomersetLog,"""I tweet out new entries in the Somerset County Dispatch Log""",Non-Verified,https://twitter.com/SomersetLog,52,1,24-09-2022 19:33
"""1650320327233220608""",https://twitter.com/DNHindi/status/1650320327233220608,24-04-2023 02:06,"""Madhya Pradesh: à¤«à¥à¤¯à¥à¤² à¤ªà¤®à¥à¤ª à¤ªà¤° à¤¡à¥€à¤œà¤² à¤­à¤°à¤µà¤¾à¤¤à¥‡ à¤¹à¥€ à¤¯à¤¾à¤¤à¥à¤°à¥€ à¤¬à¤¸ à¤®à¥‡à¤‚ à¤²à¤—à¥€ à¤†à¤—, à¤šà¤¾à¤²à¤• à¤•à¥€ à¤¸à¥‚à¤-à¤¬à¥‚à¤ à¤¸à¥‡ à¤Ÿà¤²à¤¾ à¤¬à¤¡à¤¼à¤¾ à¤¹à¤¾à¤¦à¤¸à¤¾

#à¤®à¤§à¥à¤¯_à¤ªà¥à¤°à¤¦à¥‡à¤¶ #à¤‡à¤‚à¤¦à¥Œà¤° #à¤ˆà¤‚à¤§à¤¨_à¤ªà¤®à¥à¤ª #à¤¡à¥€à¤œà¤² #à¤¯à¤¾à¤¤à¥à¤°à¥€_à¤¬à¤¸ #à¤†à¤— #à¤šà¤¾à¤²à¤• #à¤¸à¥‚à¤_à¤¬à¥‚à¤ #à¤¬à¤¡à¤¼à¤¾_à¤¹à¤¾à¤¦à¤¸à¤¾
https://t.co/Re72A9DY8r""",Tweet,"""Dynamite News Hindi""",0,0,"New Delhi, India",Hindi,"""819584923891888132""",à¤¡à¤¾à¤‡à¤¨à¤¾à¤®à¤¾à¤‡à¤Ÿ à¤¨à¥à¤¯à¥‚à¤œà¤¼ à¤¹à¤¿à¤‚à¤¦à¥€,DNHindi,"""à¤­à¤¾à¤°à¤¤ à¤•à¤¾ à¤µà¤¿à¤¶à¥à¤µà¤¸à¤¨à¥€à¤¯ à¤”à¤° à¤¸à¤¬à¤¸à¥‡ à¤ªà¤¹à¤²à¥‡ à¤–à¤¬à¤° à¤¦à¥‡à¤¨à¥‡ à¤µà¤¾à¤²à¤¾ à¤¨à¥à¤¯à¥‚à¤œà¤¼ à¤ªà¥‹à¤°à¥à¤Ÿà¤² | à¤¤à¤¾à¤œà¤¾ à¤…à¤ªà¤¡à¥‡à¤Ÿ à¤”à¤° à¤¬à¥à¤°à¥‡à¤•à¤¿à¤‚à¤— à¤¨à¥à¤¯à¥‚à¤œà¤¼ à¤•à¤¾ à¤à¤• à¤®à¤¾à¤¤à¥à¤° à¤­à¤°à¥‹à¤¸à¥‡à¤®à¤‚à¤¦ à¤ à¤¿à¤•à¤¾à¤¨à¤¾""",Non-Verified,https://twitter.com/DNHindi,6824,40,12-01-2017 16:40
"""1650317913579212801""",https://twitter.com/frankli04254934/status/1650317913579212801,24-04-2023 01:57,"""He insured his car against accident, theft, and fire
ã€Q+427950700ã€‘
æ— å®šé‡‘,è§é¢æ»¡æ„ä»˜.
2023-04-24 09:57 ä¸Šåˆ""",Tweet,"""Twitter Web App""",0,0,,Chinese,"""2211290975""",ç¦å· ä¸Š é—¨ æµå— ä¸Š é—¨ æ¸©å· ä¸Š é—¨ å—æ˜Œ ä¸Š é—¨ æ²ˆé˜³ ä¸Š é—¨ è´µé˜³ ä¸Š é—¨,frankli04254934,"""â¤ï¸ä¸Šé—¨+QQã€427950700ã€‘âœˆhttps://t.co/G8tbvSgrAJæ— é—¨æ§›ï¼Œæ— å®šé‡‘ï¼Œè§é¢æ»¡æ„ä»˜ï¼""",Non-Verified,https://twitter.com/frankli04254934,17,20,07-12-2013 00:12
"""1650313289090605057""",https://twitter.com/dwicahy82133866/status/1650313289090605057,24-04-2023 01:38,"""He insured his car against accident, theft, and fire
ã€Q+427950700ã€‘
æ— å®šé‡‘,è§é¢æ»¡æ„ä»˜.
2023-04-24 09:38 ä¸Šåˆ""",Tweet,"""Twitter Web App""",0,0,,Chinese,"""1577481080""",ä½›å±± ä¸Š é—¨ å®æ³¢ ä¸Š é—¨ é’å²› ä¸Š é—¨ é•¿æ²™ ä¸Š é—¨ å¤©æ´¥ ä¸Š é—¨ æ— é”¡ ä¸Š é—¨,dwicahy82133866,"""â¤ï¸ä¸Šé—¨+QQã€427950700ã€‘âœˆhttps://t.co/w0p5eNUqAJæ— é—¨æ§›ï¼Œæ— å®šé‡‘ï¼Œè§é¢æ»¡æ„ä»˜ï¼""",Non-Verified,https://twitter.com/dwicahy82133866,16,0,08-07-2013 11:43
"""1650312114232524800""",https://twitter.com/bora_ocean/status/1650312114232524800,24-04-2023 01:34,"""RT @btschartsdailys: the local government of Wonju City, police, firefighting, and military authorities mobilized fire trucks, ambulances,â€¦""",ReTweet,"""Twitter for iPhone""",1643,10965,She - Magic Shop,English,"""1322026367521710081""",nanaâ·,bora_ocean,"""this is Bangtan world ğŸ’œ home for TXT & Enhypen too:) - semi hiatus -""",Non-Verified,https://twitter.com/bora_ocean,478,613,30-10-2020 04:03
"""1650309845680111619""",https://twitter.com/MrWatchTheLeft/status/1650309845680111619,24-04-2023 01:25,"""If you really wanna get over, light yourself on fire BY ACCIDENT in your match. Going viral is how you get booked nowadays. 

Who cares about 2nd degree burns anyway? 

#RealVetStatus #prowrestling""",Tweet,"""Twitter for Android""",0,1,"Memphis, TN",English,"""3264263967""",killer of dreams,MrWatchTheLeft,"""dad|part time pro wrestler|the Terry Funk of my generation|@PWTrainwreck owner

#RealVetStatus""",Non-Verified,https://twitter.com/MrWatchTheLeft,510,478,16-05-2015 21:47
"""1650309622367158272""",https://twitter.com/andreamatranga/status/1650309622367158272,24-04-2023 01:24,"""A year or so ago I drove by an intersection and a car had clipped a fire hydrant at speed and overturned. Luckily the driver wasn't hurt but she was badly shaken. Today I drove by it again and a popular coach had been killed in an accident there https://t.co/Nl8aHzVTV3""",Tweet,"""Twitter for Android""",0,0,"Orange, CA",English,"""91114436""",Andrea Matranga ğŸ‡ºğŸ‡¦ğŸŒ»,andreamatranga,"""Economic history, GIS, ğŸ‡®ğŸ‡¹. Views  and opinions expressed are mine and not Chapman University's.""",Non-Verified,https://twitter.com/andreamatranga,7407,5165,19-11-2009 14:30
"""1650308918109667329""",https://twitter.com/Rochnhscanner/status/1650308918109667329,24-04-2023 01:21,"""4/23/2023 21:20:15 | DOVER | CLIFFORD AND ROWEN | SERIOUS MOTOR VEHICLE ACCIDENT | CAR VS PEDESTRIAN  
 USE CAUTION IN THE AREA EXPECT POSSIBLE DELAYS 
 #dovernh, #ems #fire #police #mva #trafficalert
Follow us on Facebook for more""",Tweet,"""IFTTT""",0,0,"Rochester, NH",English,"""1580304411879931904""",Rochester NH Scanner Alerts Group,Rochnhscanner,"""Privately run page highlighting first responders and emergency activity Strafford County NH and beyond this page is not affiliated with the county or any agency""",Non-Verified,https://twitter.com/Rochnhscanner,119,49,12-10-2022 21:08
"""1650304505815379970""",https://twitter.com/619_maxi/status/1650304505815379970,24-04-2023 01:03,"""@stephsecretwit lil accident is actually kinda fire thanks""",Reply,"""Twitter Web App""",0,1,socal :),English,"""759644392869146624""",maxi,619_maxi,"""| 20 | 619/664 | simp | melee :3""",Non-Verified,https://twitter.com/619_maxi,196,379,31-07-2016 06:58
"""1650303313840144384""",https://twitter.com/morethan5charas/status/1650303313840144384,24-04-2023 00:59,"""almost set myself on fire by accident ğŸ‘""",Tweet,"""Twitter for Android""",0,1,any/all pronouns,English,"""1527625801805574145""",ğš™ğšŠğš—ğšğš˜ğš›ğšŠ /// alles schwarz,morethan5charas,"""// weltfremd // pseudo pseud // wahnbriefe-enjoyer // ğ–™ğ–”ğ–‰ğ–Šğ–˜ğ–™ğ–—ğ–ğ–Šğ–‡ğ–ğ–”ğ–’ğ–’ğ–šğ–“ğ–ğ–‹ğ–’ğ–šğ–˜ // deutsch, english // priv: @hidden_script_""",Non-Verified,https://twitter.com/morethan5charas,129,716,20-05-2022 12:24
"""1650300919454523394""",https://twitter.com/NormanB30582159/status/1650300919454523394,24-04-2023 00:49,"""@StFreakingKezy But if someone collapses on the street or an accident at work or car u don't pay nothing cos it's the fire service but if i don't feel to good and u home n chose to call an ambulance u pay for the services""",Reply,"""Twitter for Android""",0,0,,English,"""1534643315169165312""",Norman Brooks,NormanB30582159,"""""",Non-Verified,https://twitter.com/NormanB30582159,43,130,08-06-2022 21:08
"""1650297776977379328""",https://twitter.com/Vuthaonlinenews/status/1650297776977379328,24-04-2023 00:37,"""Train #accident |  #Horrible #train accident in MP: Two #freight #trains #collided at Shahdol, #engine #caught fire, 2 #railway #employees #trapped https://t.co/CR6U2NQO5u #fire""",Tweet,"""Revive Social App""",0,0,,English,"""1596188856444928002""",Vutha News,Vuthaonlinenews,"""we are trying to provide fresh & latest content that provides your ideas about all updated information thatâ€™s happening in the world.""",Non-Verified,https://twitter.com/Vuthaonlinenews,12,2,25-11-2022 17:08
"""1650297006697631745""",https://twitter.com/RW911/status/1650297006697631745,24-04-2023 00:34,"""*ACCIDENT:  Injuries* - Apex Fire Department - Hunter St / N Salem St""",Tweet,"""RW911 Events""",0,0,"Raleigh, NC",English,"""20647123""",Raleigh - Wake 911,RW911,"""""",Non-Verified,https://twitter.com/RW911,8124,0,12-02-2009 01:55
"""1650295505279393792""",https://twitter.com/CRishabhSharma/status/1650295505279393792,24-04-2023 00:28,"""RT @viralvdoz: #viralvdoz 
#disneylandfire #Disneyland #accident #fire 
A fire broke out during Disneyland Park's Fantasmic! nighttime specâ€¦""",ReTweet,"""Twitter Web App""",1,1,"New Delhi, India - Gwalior",English,"""1255795127160840199""",Chaudhary Rishabh Sharma ğŸ‡®ğŸ‡³,CRishabhSharma,"""Intern Trainee @Indiatvnews, Chief Editor @gwaliorkiawaaz
ex- @gwaliordiaries, ex- Intern @jagrannews), ex- RJ @myfmindia, Amitian (BJMC). Tweets are personal.""",Non-Verified,https://twitter.com/CRishabhSharma,71,342,30-04-2020 09:44
"""1650291677146300420""",https://twitter.com/S43L_RACC00N/status/1650291677146300420,24-04-2023 00:12,"""@sticckyboy69 I STARTED A FIRE BY ACCIDENT""",Reply,"""Twitter for Android""",0,1,any pronouns,English,"""1519094670411780097""",Sai :),S43L_RACC00N,"""19999099. ğŸ‡¦ğŸ‡·       ğŸ‡¦ğŸ‡·     {spa/eng} :)
`           DTK               â˜†                   USMP      `                   
   ~~~~~~~~~~~â™¥ï¸S+Sâ™¥ï¸ã€‹""",Non-Verified,https://twitter.com/S43L_RACC00N,31,81,26-04-2022 23:23
"""1650290658543013890""",https://twitter.com/BenRoss_AKL/status/1650290658543013890,24-04-2023 00:08,"""Pukekohe Fire Alarm went off and out go both fire engines
Just heard the Patumahoe Fire Alarm which means we have a road accident or another fatal""",Tweet,"""TweetDeck Web App""",0,0,"Auckland, New Zealand",English,"""450409352""",Ben Ross,BenRoss_AKL,"""Spatial Planner
Proud Southern Aucklander
Views my own. 
Cities Skylines Player""",Non-Verified,https://twitter.com/BenRoss_AKL,4260,1878,30-12-2011 06:25
"""1650288375403016192""",https://twitter.com/carhistoryguy/status/1650288375403016192,23-04-2023 23:59,"""@F1_1980_1989 @autodromoimola Remember this live. Was shocking. The pause, then the fire. Nowadays it puts everyone in mind of Senna. But Piquet too had a bad accident in preseason testing at Imola. Has said he was never the same driver afterwards. His results tend to reflect this, especially after theâ€¦ https://t.co/Yrc92poGGT""",Reply,"""Twitter for Android""",0,0,"The Beach, Santa Barbara",English,"""1609294266353987584""",carhistoryguy,carhistoryguy,"""Car/Bike/Motoring Enthusiast.

Storyteller - people tell car stories differently.

Writer/talker - Stanford, Gooding, Pebble Beach, Discovery, NatGeo.""",Non-Verified,https://twitter.com/carhistoryguy,119,727,31-12-2022 21:04
"""1650287909973499904""",https://twitter.com/DavidAd75944560/status/1650287909973499904,23-04-2023 23:57,"""#Accident #Amusementparks #Canceled #Disaster #Disney #Disneyland #Fantasmic #fire #Frontierland #Gizmodo #LandonMcReynolds #MagicKingdom #Maleficent #Mickey #MickeyMouse #performance #RiversofAmerica #set #SleepingBeauty #TheWaltDisneyCompany #TomSawyerIsland #WaltDisneyPark... https://t.co/I0XoViUmne""",Tweet,"""Twitter Web App""",0,0,USA,Undefined,"""1627903775691218944""",David Adam,DavidAd75944560,"""#Cryptocurrency #Bitcoin #Blockchain #Crypto #DigitalCurrency #Altcoins #HODL #Cryptonews #CryptoTrading #Decentralized #Coinbase #Ethereum #NFTs #BitcoinMining""",Non-Verified,https://twitter.com/DavidAd75944560,8,1,21-02-2023 05:31
"""1650287904474955778""",https://twitter.com/2callmehasnat25/status/1650287904474955778,23-04-2023 23:57,"""#Accident #Amusementparks #Canceled #Disaster #Disney #Disneyland #Fantasmic #fire #Frontierland #Gizmodo #LandonMcReynolds #MagicKingdom #Maleficent #Mickey #MickeyMouse #performance #RiversofAmerica #set #SleepingBeauty #TheWaltDisneyCompany #TomSawyerIsland #WaltDisneyPark... https://t.co/0fb4GEFyHA""",Tweet,"""Twitter Web App""",0,0,,Undefined,"""1624535264453447683""",jhon salt,2callmehasnat25,"""""",Non-Verified,https://twitter.com/2callmehasnat25,6,1,11-02-2023 22:26
"""1650282602002018304""",https://twitter.com/CurtVarone/status/1650282602002018304,23-04-2023 23:36,"""https://t.co/3KrOPW7rFU""",Tweet,"""Twitter Web App""",0,0,"Exeter, RI",Undefined,"""20831917""",Curt Varone,CurtVarone,"""""",Non-Verified,https://twitter.com/CurtVarone,1528,68,14-02-2009 04:48
"""1650280638694424576""",https://twitter.com/jw3882/status/1650280638694424576,23-04-2023 23:28,"""@CouchRacerShop They should fire the team that builds them and let the teams get back to doing the frame/roll cage area.  I'm not sure Ryan Newman walks away from his accident at Daytona a few years ago on this car""",Reply,"""Twitter for iPhone""",0,8,United States,English,"""155956786""",Jeremy,jw3882,"""Family man, love baseball, and a huge fan of NASCAR.""",Non-Verified,https://twitter.com/jw3882,67,693,15-06-2010 16:33
"""1650279995212718080""",https://twitter.com/Fin3334/status/1650279995212718080,23-04-2023 23:26,"""@Truevendetta @colin_dunlap Nothing worse than riding in a insulated, padded, protected car w professional fire protection car! Scary stuff.?  You never know what can happen if you are in an accident?""",Reply,"""Twitter for iPhone""",0,0,,English,"""636709296""",J Hunter,Fin3334,"""Bear down, be nice to people you donâ€™t know.""",Non-Verified,https://twitter.com/Fin3334,264,47,16-07-2012 02:20
"""1650279786013401089""",https://twitter.com/cesluv/status/1650279786013401089,23-04-2023 23:25,"""@ZipcarCan one of your vehicleâ€™s alarm has been going off for 24 hrs. Your customer service said since itâ€™s not a fire or accident itâ€™s not an emergency. You do not have weekend service for this. This is unacceptable. #toronto #zipcar @Zipcar @TPSOperations @311toronto""",Tweet,"""Twitter for iPhone""",0,0,416,English,"""23526118""",little c,cesluv,"""Toronto (she/her)""",Non-Verified,https://twitter.com/cesluv,241,592,09-03-2009 23:53
"""1650279551250100224""",https://twitter.com/thusharad58/status/1650279551250100224,23-04-2023 23:24,"""He insured his car against accident, theft, and fire
ã€Q+427950700ã€‘
æ— å®šé‡‘,è§é¢æ»¡æ„ä»˜.
2023-04-24 07:24 ä¸Šåˆ""",Tweet,"""Twitter Web App""",0,0,,Chinese,"""1906998620""",æ´›é˜³ ä¸Š é—¨ è¥¿å® ä¸Š é—¨ å…°å· ä¸Š é—¨ é“¶å· ä¸Š é—¨ èšŒåŸ  ä¸Š é—¨ æ±•å¤´ ä¸Š é—¨,thusharad58,"""â¤ï¸ä¸Šé—¨+QQã€427950700ã€‘âœˆhttps://t.co/LI8d6jjpnnæ— é—¨æ§›ï¼Œæ— å®šé‡‘ï¼Œè§é¢æ»¡æ„ä»˜ï¼""",Non-Verified,https://twitter.com/thusharad58,16,0,26-09-2013 07:09
"""1650275612861276160""",https://twitter.com/RW911/status/1650275612861276160,23-04-2023 23:09,"""*ACCIDENT:  Injuries* - Hopkins Fire Department - 9345 Ferrell Rd""",Tweet,"""RW911 Events""",0,0,"Raleigh, NC",English,"""20647123""",Raleigh - Wake 911,RW911,"""""",Non-Verified,https://twitter.com/RW911,8124,0,12-02-2009 01:55
"""1650272418471243776""",https://twitter.com/RealATimeNews/status/1650272418471243776,23-04-2023 22:56,"""Disneyland dragon catches fire in California, no injuries reported

Download the A-Time News App and get updated with the latest news all over the world! https://t.co/bsTxunqDHU

#accident #California #Disneylanddragon""",Tweet,"""ATimeNews""",0,0,Philippines,English,"""1582239128925503489""",A Time News,RealATimeNews,"""On point.""",Non-Verified,https://twitter.com/RealATimeNews,15,0,18-10-2022 05:17
"""1650269137749561344""",https://twitter.com/WALSTGUY/status/1650269137749561344,23-04-2023 22:43,"""If you think the destruction by fire of Murphy the Fantasmic Dragon at Disneyland was an ""accident"", you would be wrong. 
Disney is replacing Murphy with the new woke Peter the Purple Penis Dragon. They are nonbinary &amp; identify as a  dragon with a giant penis. 
#GOWOKEGOBROKEğŸ²ğŸ‰ https://t.co/7zxqUzqwUr""",Tweet,"""Twitter Web App""",0,1,"Los Angeles, CA",English,"""269970260""",MARTY,WALSTGUY,"""SORRY FOLKS..THE PARK IS CLOSED..THE MOOSE OUT FRONT SHOULD HAVE TOLD YOU.""",Non-Verified,https://twitter.com/WALSTGUY,148,60,21-03-2011 19:44
"""1650268435866107907""",https://twitter.com/kylecoolky/status/1650268435866107907,23-04-2023 22:40,"""@lucas_bright7 @DidIoffendYou69 @CheckwDavid Actually, EVs are many times less likely to catch on fire than a gas car, with Teslas being the lowest.

And EVs donâ€™t explode, youâ€™re thinking of gas cars. If a battery gets severely damaged (basically requires an accident that would kill the passengers first), it slowly burns. https://t.co/a92bg3VBIU""",Reply,"""Twitter for iPhone""",0,0,"Atlanta, GA",English,"""1001303332227514368""",Kyle âœŒğŸ»â¤ï¸,kylecoolky,"""Apple nerd, Tesla shareholder of 6 years, 2022 Tesla Model 3 Long Range ğŸ³ï¸â€ğŸŒˆ""",Non-Verified,https://twitter.com/kylecoolky,510,623,29-05-2018 03:24
"""1650267863649861632""",https://twitter.com/CityofOdessa/status/1650267863649861632,23-04-2023 22:38,"""Odessa Fire Rescue responds to roll-over 

Hereâ€™s a look at the aftermath. OFR responded to this incident on I-20 and 866.

The driver had to be extricated and was taken to the hospital.  There were no chemicals released. No word yet on what caused the accident. https://t.co/7ZflXpA4fg""",Tweet,"""Twitter for iPhone""",0,1,"Odessa, Texas",English,"""56565772""",City of Odessa,CityofOdessa,"""Official Twitter page for the City of Odessa, Texas. We know we are â€œStronger Together!â€ Odessa is a great city filled with lots of good people.""",Non-Verified,https://twitter.com/CityofOdessa,5219,141,14-07-2009 01:40
"""1650264291323400192""",https://twitter.com/RW911/status/1650264291323400192,23-04-2023 22:24,"""*ACCIDENT:  Injuries* - Raleigh Fire Department - I 440 Wb / Lake Boone Trl""",Tweet,"""RW911 Events""",0,0,"Raleigh, NC",English,"""20647123""",Raleigh - Wake 911,RW911,"""""",Non-Verified,https://twitter.com/RW911,8124,0,12-02-2009 01:55
"""1650261925132111872""",https://twitter.com/KarellysTuBebe/status/1650261925132111872,23-04-2023 22:14,"""He insured his car against accident, theft, and fire
ã€Q+427950700ã€‘
æ— å®šé‡‘,è§é¢æ»¡æ„ä»˜.
2023-04-24 06:14 ä¸Šåˆ""",Tweet,"""Twitter Web App""",0,0,huaquillas,Chinese,"""2986636570""",æ·±åœ³ ä¸Š é—¨ é’å²› ä¸Š é—¨ é•¿æ²™ ä¸Š é—¨ å¤©æ´¥ ä¸Š é—¨ ä½›å±± ä¸Š é—¨ æ— é”¡ ä¸Š é—¨,KarellysTuBebe,"""â¤ï¸ä¸Šé—¨+QQã€427950700ã€‘âœˆhttps://t.co/I7g9qE9URyæ— é—¨æ§›ï¼Œæ— å®šé‡‘ï¼Œè§é¢æ»¡æ„ä»˜ï¼""",Non-Verified,https://twitter.com/KarellysTuBebe,17,39,20-01-2015 00:19
"""1650259499901505536""",https://twitter.com/ListSarkari/status/1650259499901505536,23-04-2023 22:04,"""Emergency Phone Number List in India
National Emergency Number - 112
Police - 100
Fire - 101
Ambulance - 102
Traffic Police - 103
Road Accident - 1073
Railway Accident -1072
Air Accident -1071
#EmergencyAlert #Karnataka #DelhiCrime #Gujarat #UttarPradesh 
https://t.co/pvS5CP1Kkq""",Tweet,"""Twitter Web App""",0,1,New Delhi,English,"""1572891199597584387""",Sarkari List,ListSarkari,"""Check government list of holidays, voters list, ration cards list, schemes, ministers list, beneficiaries list, schools & colleges list, jobs & much more""",Non-Verified,https://twitter.com/ListSarkari,11,29,22-09-2022 10:11
"""1650256851735576578""",https://twitter.com/bitten_8/status/1650256851735576578,23-04-2023 21:54,"""@SF___Tahoe The problem with bullet proof is that in the case of an accident where the batteries are on fire and you or your family are trapped inside, you can't just smash the window with a rock or pry open the doors.  The Jaws of Life will break on this truck.""",Reply,"""Twitter Web App""",0,0,SoCal unfortunately.,English,"""1384700329741066246""",OBG70,bitten_8,"""8-bit computers & consoles of the 70's & 80's. AD&D 2e For Life. Conan the Barbarian & Red Sonja comic book collector. Fantasy & Sci-Fi film and TV connoisseur""",Non-Verified,https://twitter.com/bitten_8,101,133,21-04-2021 02:47
"""1650256459211448321""",https://twitter.com/dinathanthi/status/1650256459211448321,23-04-2023 21:52,"""à®¤à®¿à®°à¯à®µà®³à¯à®³à¯‚à®°à¯ à®…à®°à¯à®•à¯‡ à®ªà®¿à®³à®¾à®¸à¯à®Ÿà®¿à®•à¯ à®•à¯à®Ÿà¯‹à®©à®¿à®²à¯ à®ªà®¯à®™à¯à®•à®° à®¤à¯€ à®µà®¿à®ªà®¤à¯à®¤à¯ #Thiruvallur #PlasticGodown #Fire 

https://t.co/m9RhlM3qbb""",Tweet,"""TweetDeck""",1,2,Chennai,Tamil,"""233899475""",DailyThanthi,dinathanthi,"""#DailyThanthi No.1 #Tamil News website. à®¤à®®à®¿à®´à®• à®®à®•à¯à®•à®³à®¿à®©à¯ à®µà®¾à®´à¯à®•à¯à®•à¯ˆà®¯à¯‹à®Ÿà¯à®®à¯ à®¤à®®à®¿à®´à®• à®µà®°à®²à®¾à®±à¯à®±à¯‹à®Ÿà¯à®®à¯ à®‡à®°à®£à¯à®Ÿà®±à®•à¯à®•à®²à®¨à¯à®¤ à®¨à®®à¯à®ªà®°à¯ 1 #à®¤à®®à®¿à®´à¯ à®¨à®¾à®³à®¿à®¤à®´à¯ #à®¤à®¿à®©à®¤à¯à®¤à®¨à¯à®¤à®¿""",Non-Verified,https://twitter.com/dinathanthi,848512,78,04-01-2011 11:17
"""1650254941091684353""",https://twitter.com/newsman82/status/1650254941091684353,23-04-2023 21:46,"""Someone shared: Rescue efforts fail when crews arrive to Snowbasin ski crash, find man in cardiac arrest https://t.co/4cJC3EXAbw""",Tweet,"""Twitter for iPhone""",0,0,Utah,English,"""191514298""",Newsman82,newsman82,"""Husband to one, father to three and overall okay person...Emmy Award winning producer of news..Lover of ties!
Tweets are my opinion and not that of my employer.""",Non-Verified,https://twitter.com/newsman82,1383,2148,16-09-2010 16:58
"""1650253473466953729""",https://twitter.com/viralvdoz/status/1650253473466953729,23-04-2023 21:41,"""#viralvdoz 
#disneylandfire #Disneyland #accident #fire 
A fire broke out during Disneyland Park's Fantasmic! nighttime spectacular Saturday. The show's 45-foot-tall Maleficent #dragon went up in flames during its final showing, Disneyland officialsÂ said. https://t.co/AkoRCxXEs1""",Tweet,"""Twitter Web App""",1,1,"London, UK",English,"""1366818243168505856""",ViralVdoz,viralvdoz,"""Subscribe to Viralvdoz  Youtube channel here https://t.co/aBtuYqhoPUâ€¦""",Non-Verified,https://twitter.com/viralvdoz,1644,4973,02-03-2021 18:30
"""1650251940876677120""",https://twitter.com/rahulrrr18/status/1650251940876677120,23-04-2023 21:34,"""RT @KhushiViews: ""Truck caught Fire"" ???

Matlab Terrorist attack nahi tha, accident me aag lag gaya ?

Waah Gazab, Jab Mantri hi aise haiâ€¦""",ReTweet,"""Twitter for Android""",211,449,India,Hindi,"""1346450382092869634""",rahulrrrğŸ‘»,rahulrrr18,"""Si Vis Pacem, Para Bellum""",Non-Verified,https://twitter.com/rahulrrr18,61,56,05-01-2021 13:36
"""1650248876673073159""",https://twitter.com/Derb1967/status/1650248876673073159,23-04-2023 21:22,"""@coffee_anytime Setting fire to my brothers bed by accident ğŸ˜‚""",Reply,"""Twitter for iPhone""",0,0,"Mansfield, England",English,"""2998238416""",Richard Derbyshire,Derb1967,"""ğŸ‡ºğŸ‡¦""",Non-Verified,https://twitter.com/Derb1967,93,255,25-01-2015 17:14
"""1650245703547879435""",https://twitter.com/Inkie09634122/status/1650245703547879435,23-04-2023 21:10,"""It doesnâ€™t stop! Yet another accident involving a fuel truck and a passenger car led to a fire on a major highway in Connecticut.

https://t.co/wM199IkV80 https://t.co/OYAFPRmLI8""",Tweet,"""Twitter for iPhone""",0,0,,English,"""1348432634335141889""",Inkie,Inkie09634122,"""""",Non-Verified,https://twitter.com/Inkie09634122,92,177,11-01-2021 00:54
"""1650244826175098881""",https://twitter.com/SchumanKimm/status/1650244826175098881,23-04-2023 21:06,"""It doesnâ€™t stop! Yet another accident involving a fuel truck and a passenger car led to a fire on a major highway in Connecticut. https://t.co/H7VWGCsyaE""",Tweet,"""Twitter Web App""",0,0,"Iron River, Wisconsin",English,"""1474770598593056769""",Patriot Kimm Schuman,SchumanKimm,"""MAGA Mom, Patriot and Anon who LOVES YAHUAH/GOD AND HER COUNTRY!!!
Organic Dairy farmers who Grows and raises most of our food. WWG1WGA!!!""",Non-Verified,https://twitter.com/SchumanKimm,600,127,25-12-2021 15:55
"""1650241078409265154""",https://twitter.com/fire_u7/status/1650241078409265154,23-04-2023 20:51,"""Today I lost a piece of my heart in a traumatic accident ğŸ’”ğŸ’”ğŸ’”""",Tweet,"""Twitter for iPhone""",0,0,,English,"""1426893123209375746""",Placebo,fire_u7,"""Just share my interests in peace -leave me alone-""",Non-Verified,https://twitter.com/fire_u7,14,64,15-08-2021 13:07
"""1650240383836626950""",https://twitter.com/RW911/status/1650240383836626950,23-04-2023 20:49,"""*ACCIDENT:  Injuries* - Swift Creek Fire Department - 4321 Tryon Rd""",Tweet,"""RW911 Events""",0,0,"Raleigh, NC",English,"""20647123""",Raleigh - Wake 911,RW911,"""""",Non-Verified,https://twitter.com/RW911,8124,0,12-02-2009 01:55
"""1650239699603038209""",https://twitter.com/Reesie2x__/status/1650239699603038209,23-04-2023 20:46,"""RT @gorecenter_com: âš ï¸ ALCOHOL + FIRE = ... ğŸ”¥

[more at https://t.co/1RRVUU0JW1 ğŸ’¥]

#alcohol #party #fail #fails #failure #failvideo #drunkâ€¦""",ReTweet,"""Twitter for iPhone""",13,237,,English,"""1637372162469134341""",Reesie2x,Reesie2x__,"""""",Non-Verified,https://twitter.com/Reesie2x__,2,20,19-03-2023 08:35
"""1650238118514262018""",https://twitter.com/00dewr/status/1650238118514262018,23-04-2023 20:40,"""He insured his car against accident, theft, and fire
ã€Q+427950700ã€‘
æ— å®šé‡‘,è§é¢æ»¡æ„ä»˜.
2023-04-24 04:40 ä¸Šåˆ""",Tweet,"""Twitter Web App""",0,0,,Chinese,"""588308433""",ç›åŸ ä¸Š é—¨ å¤§è¿ ä¸Š é—¨ ä¿å®š ä¸Š é—¨ æ³°å· ä¸Š é—¨ ç»å…´ ä¸Š é—¨,00dewr,"""â¤ï¸ä¸Šé—¨+QQã€427950700ã€‘âœˆ https://t.co/legevhsNLP æ— é—¨æ§›ï¼Œæ— å®šé‡‘ï¼Œè§é¢æ»¡æ„ä»˜ï¼""",Non-Verified,https://twitter.com/00dewr,18,1691,23-05-2012 11:49
"""1650237132676517889""",https://twitter.com/PaulaLe35307050/status/1650237132676517889,23-04-2023 20:36,"""RT @TaiCheeseWhiz: @mikemoore0057 Also hearing insurance on EVs is going to skyrocket because of the cost of battery replacement if a car gâ€¦""",ReTweet,"""Twitter for iPhone""",9,29,,English,"""1504117404439359494""",Paula Lewis,PaulaLe35307050,"""""",Non-Verified,https://twitter.com/PaulaLe35307050,275,1782,16-03-2022 15:28
"""1650235524215365638""",https://twitter.com/ShaunThom79/status/1650235524215365638,23-04-2023 20:29,"""@Matticus91 @ConnieCaston @teslaownersSV It was a NOT a flaw duh ğŸ™„ 
It was a â€œMassive Failureâ€ to properly vent the launchpad which caused more frozen/stuck valves that failed to fire all engines. 

It was not an accident duh ğŸ™„ 
They detonated the rocket because it was going off course.""",Reply,"""Twitter for iPhone""",0,0,,English,"""1589745218764656640""",Shaun Thomason,ShaunThom79,"""""",Non-Verified,https://twitter.com/ShaunThom79,40,124,07-11-2022 22:23
"""1650232377178836998""",https://twitter.com/r0lgar77/status/1650232377178836998,23-04-2023 20:17,"""@ringsidenews_ This was a horrible accident.  Fireballs, breathing fire and flaming tables have been in wrestling forever.   Just probably took in too much alcohol.""",Reply,"""Twitter for iPhone""",0,0,"Florida, USA",English,"""1368998470963638273""",Rolgar1977,r0lgar77,"""Love my wife and daughter,My labradors, reading, traveling, wrestling, video games (MMOâ€™s and RPGs)and watching NBA!""",Non-Verified,https://twitter.com/r0lgar77,9,320,08-03-2021 18:54
"""1650231483033096192""",https://twitter.com/MomokaRage/status/1650231483033096192,23-04-2023 20:13,"""@flamyhotcheeto @Imagineer2018 They took him down and Disney suspended the show/fire cuz of the accident. https://t.co/QHXyXvY6bi""",Reply,"""Twitter for iPhone""",0,0,"Portland, OR",English,"""1347403143231930370""",âš¡ï¸Karasuâœ¨ ğŸ¦…,MomokaRage,"""Artist ğŸ¨ | Fursuiter ğŸŒ¸ | Non-Binary | ğŸ³ï¸â€ğŸŒˆ | Official Primagen | Canelita ğŸ’•| ÅŒkami |  @MochiriWorks fursuiterâš¡ï¸| Streamer | EBR ğŸ¦œâœ¨ğŸ”âœ¨ğŸ‡®ğŸ‡¹ğŸ‡ªğŸ‡¸ â¡ï¸ğŸ‡ºğŸ‡¸""",Non-Verified,https://twitter.com/MomokaRage,904,802,08-01-2021 04:42
"""1650230346535804930""",https://twitter.com/accidentalarson/status/1650230346535804930,23-04-2023 20:09,"""@Charlafox19 IT IS

Also bc I've almost set myself on fire by accident a couple times but yk, I'm a way better cook now, so""",Reply,"""Twitter for Android""",0,1,he/they | 21,English,"""1077915499231625216""",Deri â· - D-DAY,accidentalarson,"""This vessel, this vessel is a lie, a shapeshifting beast, a lesson in fluidity.""",Non-Verified,https://twitter.com/accidentalarson,36,65,26-12-2018 13:14
"""1650229605075423232""",https://twitter.com/CNorsan/status/1650229605075423232,23-04-2023 20:06,"""He insured his car against accident, theft, and fire
ã€Q+427950700ã€‘
æ— å®šé‡‘,è§é¢æ»¡æ„ä»˜.
2023-04-24 04:06 ä¸Šåˆ""",Tweet,"""Twitter Web App""",0,0,,Chinese,"""999092894""",æ­¦æ±‰ ä¸Š é—¨ æˆéƒ½ ä¸Š é—¨ å—äº¬ ä¸Š é—¨ è‹å· ä¸Š é—¨ é‡åº† ä¸Š é—¨ å®æ³¢ ä¸Š é—¨,CNorsan,"""â¤ï¸ä¸Šé—¨+QQã€427950700ã€‘âœˆhttps://t.co/tL3dCrEBlpæ— é—¨æ§›ï¼Œæ— å®šé‡‘ï¼Œè§é¢æ»¡æ„ä»˜ï¼""",Non-Verified,https://twitter.com/CNorsan,16,0,09-12-2012 11:20
"""1650226621092364288""",https://twitter.com/zeeshanmehdi39/status/1650226621092364288,23-04-2023 19:54,"""He insured his car against accident, theft, and fire
ã€Q+427950700ã€‘
æ— å®šé‡‘,è§é¢æ»¡æ„ä»˜.
2023-04-24 03:54 ä¸Šåˆ""",Tweet,"""Twitter Web App""",0,0,,Chinese,"""1240773968""",å—äº¬ ä¸Š é—¨ é’å²› ä¸Š é—¨ é•¿æ²™ ä¸Š é—¨ å¤©æ´¥ ä¸Š é—¨ ä½›å±± ä¸Š é—¨ æ— é”¡ ä¸Š é—¨,zeeshanmehdi39,"""â¤ï¸ä¸Šé—¨+QQã€427950700ã€‘âœˆhttps://t.co/HU8UAFlthFæ— é—¨æ§›ï¼Œæ— å®šé‡‘ï¼Œè§é¢æ»¡æ„ä»˜ï¼""",Non-Verified,https://twitter.com/zeeshanmehdi39,17,111,04-03-2013 07:33
"""1650224027468812289""",https://twitter.com/RW911/status/1650224027468812289,23-04-2023 19:44,"""*ACCIDENT:  Injuries* - Rolesville Fire Department - Zebulon Rd / Louisburg Rd""",Tweet,"""RW911 Events""",0,0,"Raleigh, NC",English,"""20647123""",Raleigh - Wake 911,RW911,"""""",Non-Verified,https://twitter.com/RW911,8124,0,12-02-2009 01:55
"""1650224026206208000""",https://twitter.com/RW911/status/1650224026206208000,23-04-2023 19:44,"""*ACCIDENT:  Injuries* - Garner Fire Department - Guy Rd / E Garner Rd""",Tweet,"""RW911 Events""",0,0,"Raleigh, NC",English,"""20647123""",Raleigh - Wake 911,RW911,"""""",Non-Verified,https://twitter.com/RW911,8124,0,12-02-2009 01:55
"""1650221511859470338""",https://twitter.com/RW911/status/1650221511859470338,23-04-2023 19:34,"""*ACCIDENT:  Injuries* - Fuquay-Varina Fire Department - Mill Creek Dr / N Main St""",Tweet,"""RW911 Events""",0,0,"Raleigh, NC",English,"""20647123""",Raleigh - Wake 911,RW911,"""""",Non-Verified,https://twitter.com/RW911,8124,0,12-02-2009 01:55
"""1650221509523251202""",https://twitter.com/RW911/status/1650221509523251202,23-04-2023 19:34,"""*ACCIDENT:  Injuries* - Northern Wake Fire Department - Old Weaver Trl / Boyce Rd""",Tweet,"""RW911 Events""",0,0,"Raleigh, NC",English,"""20647123""",Raleigh - Wake 911,RW911,"""""",Non-Verified,https://twitter.com/RW911,8124,0,12-02-2009 01:55
"""1650220116867530760""",https://twitter.com/CountyHenris/status/1650220116867530760,23-04-2023 19:28,"""Fire breaks out on US bridge after fuel tanker accident https://t.co/JqqH5seBVE""",Tweet,"""Twitter Web App""",0,0,,English,"""1556257166692175872""",HenrisCounty,CountyHenris,"""Beautiful, Correct and Well-detailed stories - News, Sport, Entertainment, Health and more. Proudly ğŸ‡³ğŸ‡¬""",Non-Verified,https://twitter.com/CountyHenris,5,18,07-08-2022 12:33
"""1650219424769617921""",https://twitter.com/scott_borror/status/1650219424769617921,23-04-2023 19:25,"""@g0sm4n54 @POTUS You hold people accountable for their actions.
You hold companies accountable for their people.
You hold Government accountable to the people.

No regulation that Trump removed would have stopped the accident from happening.
The wheels started on fire, that is ball bearings.""",Reply,"""Twitter Web App""",0,0,"Arkansas, USA",English,"""915663462868688902""",Scott Borror,scott_borror,"""Just an ordinary retired military member""",Non-Verified,https://twitter.com/scott_borror,1152,1080,04-10-2017 19:42
"""1650217887758700544""",https://twitter.com/AlbroBrady4/status/1650217887758700544,23-04-2023 19:19,"""It doesnâ€™t stop! Yet another accident involving a fuel truck and a passenger car led to a fire on a major highway in Connecticut. https://t.co/zRiSspxxsg""",Tweet,"""Twitter for Android""",0,0,New Zealand,English,"""1586064171732344832""",Albro,AlbroBrady4,"""""",Non-Verified,https://twitter.com/AlbroBrady4,25,89,28-10-2022 18:36
"""1650216748673540106""",https://twitter.com/LARideShareGuy/status/1650216748673540106,23-04-2023 19:15,"""RT @DisDining_com: Disney World weighs its own risk... #Fantasmic! #Disneyworld #Fire   https://t.co/c3FKiVm7yu""",ReTweet,"""Whats The Wait?""",1,0,"Los Angeles, CA",English,"""694649595775684608""",Lyft Guy,LARideShareGuy,"""Driving for Lyft so you don't have to.""",Non-Verified,https://twitter.com/LARideShareGuy,2139,2,02-02-2016 22:32
"""1650215553041154053""",https://twitter.com/DisDining_com/status/1650215553041154053,23-04-2023 19:10,"""Disney World weighs its own risk... #Fantasmic! #Disneyworld #Fire   https://t.co/c3FKiVm7yu""",Tweet,"""True Anthem""",1,0,,English,"""1526545861894975489""",DisneyDining.com,DisDining_com,"""The latest in Disney news, foodie tips, Park planning insights, and all things Disney! Visit us at https://t.co/gOx5phnA8r.""",Non-Verified,https://twitter.com/DisDining_com,1076,42,17-05-2022 12:51
"""1650214841230184449""",https://twitter.com/baked_sis/status/1650214841230184449,23-04-2023 19:07,"""One year ago today I got into an accident and our car caught on fire with a crazy ass bitch ğŸ’€ğŸ˜‚ thankful to be alive ğŸ‘ŒğŸ¼""",Tweet,"""Twitter for iPhone""",0,0,,English,"""3180224108""",Liisaâœ¨,baked_sis,"""ğŸ˜ğŸ™/ğŸ™ğŸ/ğŸ™ğŸ¡ğŸğŸ -ğŸ˜ğŸ™/ğŸ˜ğŸŸ/ğŸšğŸ˜ğŸšğŸ˜ğŸ•Šğ•„ğ•’ğ•£ğ•˜ğ•  ğ•ƒğ•–ğ•– ğ”½ğ•¦ğ•–ğ•Ÿğ•¥ğ•–ğ•¤ğŸ¤ ğŸ˜ğŸ¡/ğŸ˜ğŸœ/ğŸ™ğŸ¡ğŸ¡ğŸŸ-ğŸ˜ğŸ/ğŸ™ğŸš/ğŸšğŸ˜ğŸšğŸšğŸ¦‹ğ•ğ•–ğ•¤ğ•¤ğ•– ğ”¼ğ•¤ğ•¥ğ•–ğ•§ğ•’ğ•Ÿ ğ•ƒğ• ğ•§ğ•’ğ•¥ğ• """,Non-Verified,https://twitter.com/baked_sis,79,67,30-04-2015 05:09
"""1650212430814015488""",https://twitter.com/delilahparker21/status/1650212430814015488,23-04-2023 18:57,"""He insured his car against accident, theft, and fire
ã€Q+427950700ã€‘
æ— å®šé‡‘,è§é¢æ»¡æ„ä»˜.
2023-04-24 02:57 ä¸Šåˆ""",Tweet,"""Twitter Web App""",0,0,,Chinese,"""3299263791""",å¤©æ´¥ ä¸Š é—¨ é•¿æ²™ ä¸Š é—¨ ä¸œè ä¸Š é—¨ å®æ³¢ ä¸Š é—¨ ä½›å±± ä¸Š é—¨ åˆè‚¥ ä¸Š é—¨,delilahparker21,"""â¤ï¸ä¸Šé—¨+QQã€427950700ã€‘âœˆ https://t.co/skcQTMegZp æ— é—¨æ§›ï¼Œæ— å®šé‡‘ï¼Œè§é¢æ»¡æ„ä»˜ï¼""",Non-Verified,https://twitter.com/delilahparker21,29,188,26-05-2015 14:31
